Model,Threshold,Accuracy,Precision,Recall,F1-score,ROC-AUC
LogisticRegression,0.3,0.5630550621669627,0.46551724137931033,0.34615384615384615,0.39705882352941174,0.5882108435299924
